label,a,b,c,d
low,0.0,0.0,0.27865586574986273,0.36730710852973353
medium,0.19000462296999193,0.3894699192247012,0.3894699192247012,0.5889352154794105
high,0.4116327299196689,0.5002839726995397,1.0,1.0
