label,a,b,c,d
low,0.0,0.0,0.34480163401376,0.42870926422283234
medium,0.2608940038046877,0.4496861717751004,0.4496861717751004,0.6384783397455132
high,0.4706630793273685,0.5545707095364408,1.0,1.0
