label,a,b,c,d
low,0.0,0.0,0.3181432491797722,0.38838328714603987
medium,0.24790321121350456,0.40594329663760675,0.40594329663760675,0.563983382061709
high,0.42350330612917364,0.4937433440954413,1.0,1.0
