,low,medium,high
low,0.972065164231701,0.5614341982176164,0.0
medium,0.6411223340372814,0.8521445801591155,0.8194482696896613
high,0.0,0.9871563629986626,0.9997916367927344
