,low,medium,high
low,0.9740917246359893,0.5301822835802102,0.9171574301690562
medium,0.7355433145950194,0.8740892958853074,0.7180918606288414
high,0.9897440828764777,1.0,1.0
