,low,medium,high
low,0.9998028595719871,0.8327637045842129,0.955238624038245
medium,0.8432556965608381,0.8566842463097312,0.5431701475255624
high,0.9976692068335333,0.519865089471802,0.9835091987841964
